{
  "n_works": 6,
  "per_work_distributions": [
    {
      "work": "影之強者 第5集",
      "type": "外掛爽感型",
      "distribution": {
        "A": 0.031249,
        "B": 0.043745,
        "C": 0.039582,
        "D": 0.014582,
        "E": 0.002083,
        "F": 0.014582,
        "G": 0.004168,
        "H": 0.016668,
        "I": 0.006248,
        "J": 0.006248,
        "K": 0.004166,
        "L": 0.0,
        "M": 0.020836,
        "N": 0.089585,
        "O": 0.020835,
        "P": 0.029162,
        "Q": 0.006248,
        "R": 0.031247,
        "S": 0.002083,
        "T": 0.0,
        "U": 0.0,
        "V": 0.0,
        "W": 0.004166,
        "X": 0.049998,
        "Y": 0.029163,
        "Z": 0.018744,
        "@A": 0.008334,
        "@B": 0.0,
        "@C": 0.506247
      },
      "sn": 31622,
      "title": "我想成為影之強者！ [5]"
    },
    {
      "work": "史萊姆 第14集",
      "type": "外掛爽感型",
      "distribution": {
        "A": 0.036621,
        "B": 0.013323,
        "C": 0.016645,
        "D": 0.007764,
        "E": 0.009985,
        "F": 0.084342,
        "G": 0.004438,
        "H": 0.011094,
        "I": 0.008875,
        "J": 0.004437,
        "K": 0.003331,
        "L": 0.00111,
        "M": 0.036624,
        "N": 0.057714,
        "O": 0.035517,
        "P": 0.013313,
        "Q": 0.015538,
        "R": 0.00111,
        "S": 0.001109,
        "T": 0.0,
        "U": 0.00111,
        "V": 0.0,
        "W": 0.0,
        "X": 0.025529,
        "Y": 0.022201,
        "Z": 0.016646,
        "@A": 0.016647,
        "@B": 0.0,
        "@C": 0.554936
      },
      "sn": 11351,
      "title": "關於我轉生變成史萊姆這檔事 [14]"
    },
    {
      "work": "re:0 第2集B",
      "type": "心理折磨型",
      "distribution": {
        "A": 0.05965,
        "B": 0.017545,
        "C": 0.014034,
        "D": 0.014038,
        "E": 0.003509,
        "F": 0.035091,
        "G": 0.0,
        "H": 0.014036,
        "I": 0.031575,
        "J": 0.010529,
        "K": 0.010526,
        "L": 0.00351,
        "M": 0.017539,
        "N": 0.035089,
        "O": 0.010527,
        "P": 0.021051,
        "Q": 0.003508,
        "R": 0.0,
        "S": 0.0,
        "T": 0.0,
        "U": 0.0,
        "V": 0.003509,
        "W": 0.010528,
        "X": 0.042112,
        "Y": 0.03509,
        "Z": 0.017544,
        "@A": 0.0,
        "@B": 0.0,
        "@C": 0.589477
      },
      "sn": 14464,
      "title": "Re：從零開始的異世界生活 新編集版 [2B]"
    },
    {
      "work": "來自深淵 第10集",
      "type": "心理折磨型",
      "distribution": {
        "A": 0.030908,
        "B": 0.019943,
        "C": 0.017942,
        "D": 0.01296,
        "E": 0.002993,
        "F": 0.012961,
        "G": 0.006982,
        "H": 0.011967,
        "I": 0.004985,
        "J": 0.000995,
        "K": 0.0,
        "L": 0.0,
        "M": 0.018941,
        "N": 0.046864,
        "O": 0.015954,
        "P": 0.014953,
        "Q": 0.013956,
        "R": 0.001993,
        "S": 0.042875,
        "T": 0.01196,
        "U": 0.001994,
        "V": 0.0,
        "W": 0.01994,
        "X": 0.010973,
        "Y": 0.017943,
        "Z": 0.023927,
        "@A": 0.010967,
        "@B": 0.0,
        "@C": 0.624135
      },
      "sn": 8649,
      "title": "來自深淵 [10]"
    },
    {
      "work": "異世界美少女大叔 第1集",
      "type": "搞笑解構型",
      "distribution": {
        "A": 0.048973,
        "B": 0.060551,
        "C": 0.130016,
        "D": 0.008904,
        "E": 0.000893,
        "F": 0.033836,
        "G": 0.010689,
        "H": 0.005342,
        "I": 0.033838,
        "J": 0.005343,
        "K": 0.00089,
        "L": 0.0,
        "M": 0.022271,
        "N": 0.026717,
        "O": 0.015138,
        "P": 0.013352,
        "Q": 0.001783,
        "R": 0.006234,
        "S": 0.00356,
        "T": 0.00089,
        "U": 0.001783,
        "V": 0.00089,
        "W": 0.003562,
        "X": 0.080145,
        "Y": 0.036503,
        "Z": 0.035626,
        "@A": 0.024936,
        "@B": 0.0,
        "@C": 0.387357
      },
      "sn": 27444,
      "title": "與變成了異世界美少女的大叔一起冒險 [1]"
    },
    {
      "work": "為美好世界 第3集",
      "type": "搞笑解構型",
      "distribution": {
        "A": 0.045665,
        "B": 0.100707,
        "C": 0.043328,
        "D": 0.003512,
        "E": 0.003513,
        "F": 0.046826,
        "G": 0.004683,
        "H": 0.033957,
        "I": 0.014054,
        "J": 0.003514,
        "K": 0.0,
        "L": 0.0,
        "M": 0.010534,
        "N": 0.04801,
        "O": 0.005856,
        "P": 0.00937,
        "Q": 0.008195,
        "R": 0.002342,
        "S": 0.0,
        "T": 0.0,
        "U": 0.0,
        "V": 0.0,
        "W": 0.004685,
        "X": 0.012884,
        "Y": 0.015219,
        "Z": 0.005857,
        "@A": 0.008201,
        "@B": 0.0,
        "@C": 0.569084
      },
      "sn": 7296,
      "title": "為美好的世界獻上祝福！ [3]"
    }
  ],
  "pairwise": [
    {
      "work_a": "影之強者 第5集",
      "work_b": "史萊姆 第14集",
      "type_a": "外掛爽感型",
      "type_b": "外掛爽感型",
      "same_type": true,
      "js_divergence": 0.251376,
      "cosine_similarity": 0.982785
    },
    {
      "work_a": "影之強者 第5集",
      "work_b": "re:0 第2集B",
      "type_a": "外掛爽感型",
      "type_b": "心理折磨型",
      "same_type": false,
      "js_divergence": 0.254279,
      "cosine_similarity": 0.985655
    },
    {
      "work_a": "影之強者 第5集",
      "work_b": "來自深淵 第10集",
      "type_a": "外掛爽感型",
      "type_b": "心理折磨型",
      "same_type": false,
      "js_divergence": 0.269633,
      "cosine_similarity": 0.984132
    },
    {
      "work_a": "影之強者 第5集",
      "work_b": "異世界美少女大叔 第1集",
      "type_a": "外掛爽感型",
      "type_b": "搞笑解構型",
      "same_type": false,
      "js_divergence": 0.272826,
      "cosine_similarity": 0.951593
    },
    {
      "work_a": "影之強者 第5集",
      "work_b": "為美好世界 第3集",
      "type_a": "外掛爽感型",
      "type_b": "搞笑解構型",
      "same_type": false,
      "js_divergence": 0.25072,
      "cosine_similarity": 0.983473
    },
    {
      "work_a": "史萊姆 第14集",
      "work_b": "re:0 第2集B",
      "type_a": "外掛爽感型",
      "type_b": "心理折磨型",
      "same_type": false,
      "js_divergence": 0.234251,
      "cosine_similarity": 0.990402
    },
    {
      "work_a": "史萊姆 第14集",
      "work_b": "來自深淵 第10集",
      "type_a": "外掛爽感型",
      "type_b": "心理折磨型",
      "same_type": false,
      "js_divergence": 0.267833,
      "cosine_similarity": 0.9864
    },
    {
      "work_a": "史萊姆 第14集",
      "work_b": "異世界美少女大叔 第1集",
      "type_a": "外掛爽感型",
      "type_b": "搞笑解構型",
      "same_type": false,
      "js_divergence": 0.33414,
      "cosine_similarity": 0.933026
    },
    {
      "work_a": "史萊姆 第14集",
      "work_b": "為美好世界 第3集",
      "type_a": "外掛爽感型",
      "type_b": "搞笑解構型",
      "same_type": false,
      "js_divergence": 0.262721,
      "cosine_similarity": 0.981296
    },
    {
      "work_a": "re:0 第2集B",
      "work_b": "來自深淵 第10集",
      "type_a": "心理折磨型",
      "type_b": "心理折磨型",
      "same_type": true,
      "js_divergence": 0.283554,
      "cosine_similarity": 0.9916
    },
    {
      "work_a": "re:0 第2集B",
      "work_b": "異世界美少女大叔 第1集",
      "type_a": "心理折磨型",
      "type_b": "搞笑解構型",
      "same_type": false,
      "js_divergence": 0.325719,
      "cosine_similarity": 0.939842
    },
    {
      "work_a": "re:0 第2集B",
      "work_b": "為美好世界 第3集",
      "type_a": "心理折磨型",
      "type_b": "搞笑解構型",
      "same_type": false,
      "js_divergence": 0.268592,
      "cosine_similarity": 0.984005
    },
    {
      "work_a": "來自深淵 第10集",
      "work_b": "異世界美少女大叔 第1集",
      "type_a": "心理折磨型",
      "type_b": "搞笑解構型",
      "same_type": false,
      "js_divergence": 0.369181,
      "cosine_similarity": 0.926063
    },
    {
      "work_a": "來自深淵 第10集",
      "work_b": "為美好世界 第3集",
      "type_a": "心理折磨型",
      "type_b": "搞笑解構型",
      "same_type": false,
      "js_divergence": 0.288359,
      "cosine_similarity": 0.982356
    },
    {
      "work_a": "異世界美少女大叔 第1集",
      "work_b": "為美好世界 第3集",
      "type_a": "搞笑解構型",
      "type_b": "搞笑解構型",
      "same_type": true,