{
  "n_works": 6,
  "per_work_distributions": [
    {
      "work": "影之強者 第5集",
      "type": "外掛爽感型",
      "distribution": {
        "A": 0.022919,
        "B": 0.022916,
        "C": 0.037503,
        "D": 0.014582,
        "E": 0.002083,
        "F": 0.006247,
        "G": 0.004168,
        "H": 0.010416,
        "I": 0.006247,
        "J": 0.006248,
        "K": 0.0,
        "L": 0.0,
        "M": 0.020836,
        "N": 0.079169,
        "O": 0.01667,
        "P": 0.022914,
        "Q": 0.006248,
        "R": 0.004168,
        "S": 0.002083,
        "T": 0.0,
        "U": 0.0,
        "V": 0.0,
        "W": 0.004166,
        "X": 0.014578,
        "Y": 0.014584,
        "Z": 0.014579,
        "@A": 0.004165,
        "@B": 0.0,
        "@C": 0.662501
      },
      "sn": 31622,
      "title": "我想成為影之強者！ [5]"
    },
    {
      "work": "史萊姆 第14集",
      "type": "外掛爽感型",
      "distribution": {
        "A": 0.023307,
        "B": 0.005548,
        "C": 0.016644,
        "D": 0.007764,
        "E": 0.003327,
        "F": 0.016649,
        "G": 0.004438,
        "H": 0.008876,
        "I": 0.005549,
        "J": 0.00222,
        "K": 0.0,
        "L": 0.0,
        "M": 0.023308,
        "N": 0.041062,
        "O": 0.011097,
        "P": 0.006654,
        "Q": 0.007766,
        "R": 0.0,
        "S": 0.0,
        "T": 0.0,
        "U": 0.0,
        "V": 0.0,
        "W": 0.0,
        "X": 0.009991,
        "Y": 0.024423,
        "Z": 0.012207,
        "@A": 0.012207,
        "@B": 0.0,
        "@C": 0.756936
      },
      "sn": 11351,
      "title": "關於我轉生變成史萊姆這檔事 [14]"
    },
    {
      "work": "re:0 第2集B",
      "type": "心理折磨型",
      "distribution": {
        "A": 0.045614,
        "B": 0.014035,
        "C": 0.017544,
        "D": 0.017546,
        "E": 0.003509,
        "F": 0.028071,
        "G": 0.0,
        "H": 0.007017,
        "I": 0.007016,
        "J": 0.010529,
        "K": 0.0,
        "L": 0.0,
        "M": 0.014032,
        "N": 0.045618,
        "O": 0.007017,
        "P": 0.031578,
        "Q": 0.003509,
        "R": 0.0,
        "S": 0.0,
        "T": 0.0,
        "U": 0.0,
        "V": 0.003509,
        "W": 0.007019,
        "X": 0.024567,
        "Y": 0.035092,
        "Z": 0.014037,
        "@A": 0.0,
        "@B": 0.0,
        "@C": 0.663167
      },
      "sn": 14464,
      "title": "Re：從零開始的異世界生活 新編集版 [2B]"
    },
    {
      "work": "來自深淵 第10集",
      "type": "心理折磨型",
      "distribution": {
        "A": 0.024925,
        "B": 0.018947,
        "C": 0.020939,
        "D": 0.012959,
        "E": 0.002993,
        "F": 0.013958,
        "G": 0.006982,
        "H": 0.010969,
        "I": 0.003989,
        "J": 0.000995,
        "K": 0.0,
        "L": 0.000998,
        "M": 0.017945,
        "N": 0.051851,
        "O": 0.018947,
        "P": 0.014954,
        "Q": 0.003989,
        "R": 0.001993,
        "S": 0.019941,
        "T": 0.0,
        "U": 0.001994,
        "V": 0.0,
        "W": 0.019939,
        "X": 0.009975,
        "Y": 0.014953,
        "Z": 0.023927,
        "@A": 0.00897,
        "@B": 0.0,
        "@C": 0.671987
      },
      "sn": 8649,
      "title": "來自深淵 [10]"
    },
    {
      "work": "異世界美少女大叔 第1集",
      "type": "搞笑解構型",
      "distribution": {
        "A": 0.040963,
        "B": 0.025825,
        "C": 0.031168,
        "D": 0.009796,
        "E": 0.000893,
        "F": 0.012468,
        "G": 0.009799,
        "H": 0.004451,
        "I": 0.024933,
        "J": 0.004453,
        "K": 0.0,
        "L": 0.0,
        "M": 0.017817,
        "N": 0.025825,
        "O": 0.014247,
        "P": 0.012463,
        "Q": 0.000893,
        "R": 0.003563,
        "S": 0.00178,
        "T": 0.0,
        "U": 0.0,
        "V": 0.00089,
        "W": 0.00089,
        "X": 0.020472,
        "Y": 0.018704,
        "Z": 0.018702,
        "@A": 0.008013,
        "@B": 0.0,
        "@C": 0.691011
      },
      "sn": 27444,
      "title": "與變成了異世界美少女的大叔一起冒險 [1]"
    },
    {
      "work": "為美好世界 第3集",
      "type": "搞笑解構型",
      "distribution": {
        "A": 0.038643,
        "B": 0.038644,
        "C": 0.046836,
        "D": 0.004682,
        "E": 0.001172,
        "F": 0.0281,
        "G": 0.004683,
        "H": 0.033956,
        "I": 0.010542,
        "J": 0.003514,
        "K": 0.0,
        "L": 0.0,
        "M": 0.012879,
        "N": 0.049181,
        "O": 0.005856,
        "P": 0.007027,
        "Q": 0.009365,
        "R": 0.00117,
        "S": 0.0,
        "T": 0.0,
        "U": 0.0,
        "V": 0.0,
        "W": 0.012883,
        "X": 0.012882,
        "Y": 0.015219,
        "Z": 0.007029,
        "@A": 0.00586,
        "@B": 0.0,
        "@C": 0.649877
      },
      "sn": 7296,
      "title": "為美好的世界獻上祝福！ [3]"
    }
  ],
  "pairwise": [
    {
      "work_a": "影之強者 第5集",
      "work_b": "史萊姆 第14集",
      "type_a": "外掛爽感型",
      "type_b": "外掛爽感型",
      "same_type": true,
      "js_divergence": 0.170624,
      "cosine_similarity": 0.996222
    },
    {
      "work_a": "影之強者 第5集",
      "work_b": "re:0 第2集B",
      "type_a": "外掛爽感型",
      "type_b": "心理折磨型",
      "same_type": false,
      "js_divergence": 0.17866,
      "cosine_similarity": 0.996158
    },
    {
      "work_a": "影之強者 第5集",
      "work_b": "來自深淵 第10集",
      "type_a": "外掛爽感型",
      "type_b": "心理折磨型",
      "same_type": false,
      "js_divergence": 0.147348,
      "cosine_similarity": 0.997819
    },
    {
      "work_a": "影之強者 第5集",
      "work_b": "異世界美少女大叔 第1集",
      "type_a": "外掛爽感型",
      "type_b": "搞笑解構型",
      "same_type": false,
      "js_divergence": 0.159471,
      "cosine_similarity": 0.995573
    },
    {
      "work_a": "影之強者 第5集",
      "work_b": "為美好世界 第3集",
      "type_a": "外掛爽感型",
      "type_b": "搞笑解構型",
      "same_type": false,
      "js_divergence": 0.171259,
      "cosine_similarity": 0.996344
    },
    {
      "work_a": "史萊姆 第14集",
      "work_b": "re:0 第2集B",
      "type_a": "外掛爽感型",
      "type_b": "心理折磨型",
      "same_type": false,
      "js_divergence": 0.189294,
      "cosine_similarity": 0.997153
    },
    {
      "work_a": "史萊姆 第14集",
      "work_b": "來自深淵 第10集",
      "type_a": "外掛爽感型",
      "type_b": "心理折磨型",
      "same_type": false,
      "js_divergence": 0.183979,
      "cosine_similarity": 0.99809
    },
    {
      "work_a": "史萊姆 第14集",
      "work_b": "異世界美少女大叔 第1集",
      "type_a": "外掛爽感型",
      "type_b": "搞笑解構型",
      "same_type": false,
      "js_divergence": 0.165405,
      "cosine_similarity": 0.997923
    },
    {
      "work_a": "史萊姆 第14集",
      "work_b": "為美好世界 第3集",
      "type_a": "外掛爽感型",
      "type_b": "搞笑解構型",
      "same_type": false,
      "js_divergence": 0.197778,
      "cosine_similarity": 0.995376
    },
    {
      "work_a": "re:0 第2集B",
      "work_b": "來自深淵 第10集",
      "type_a": "心理折磨型",
      "type_b": "心理折磨型",
      "same_type": true,
      "js_divergence": 0.20951,
      "cosine_similarity": 0.996994
    },
    {
      "work_a": "re:0 第2集B",
      "work_b": "異世界美少女大叔 第1集",
      "type_a": "心理折磨型",
      "type_b": "搞笑解構型",
      "same_type": false,
      "js_divergence": 0.186155,
      "cosine_similarity": 0.997332
    },
    {
      "work_a": "re:0 第2集B",
      "work_b": "為美好世界 第3集",
      "type_a": "心理折磨型",
      "type_b": "搞笑解構型",
      "same_type": false,
      "js_divergence": 0.204765,
      "cosine_similarity": 0.995649
    },
    {
      "work_a": "來自深淵 第10集",
      "work_b": "異世界美少女大叔 第1集",
      "type_a": "心理折磨型",
      "type_b": "搞笑解構型",
      "same_type": false,
      "js_divergence": 0.183598,
      "cosine_similarity": 0.997333
    },
    {
      "work_a": "來自深淵 第10集",
      "work_b": "為美好世界 第3集",
      "type_a": "心理折磨型",
      "type_b": "搞笑解構型",
      "same_type": false,
      "js_divergence": 0.194685,
      "cosine_similarity": 0.996336
    },
    {
      "work_a": "異世界美少女大叔 第1集",
      "work_b": "為美好世界 第3集",
      "type_a": "搞笑解構型",
      "type_b": "搞笑解構型",
      "same_type": true,
      "js_divergence": 0.185769,